{
  "version": 1,
  "author": "Desy",
  "editor": "wokwi",
  "parts": [
    { "type": "board-esp32-devkit-c-v4", "id": "esp", "top": 9.6, "left": -91.16, "attrs": {} },
    {
      "type": "wokwi-pushbutton",
      "id": "btn1",
      "top": 35,
      "left": 57.6,
      "attrs": { "color": "green", "xray": "1" }
    },
    {
      "type": "wokwi-pushbutton",
      "id": "btn2",
      "top": 102.2,
      "left": 57.6,
      "attrs": { "color": "blue", "xray": "1" }
    },
    {
      "type": "wokwi-pushbutton",
      "id": "btn3",
      "top": 169.4,
      "left": 57.6,
      "attrs": { "color": "yellow", "xray": "1" }
    },
    {
      "type": "wokwi-led",
      "id": "led1",
      "top": 44.4,
      "left": -293.8,
      "attrs": { "color": "red" }
    },
    {
      "type": "wokwi-led",
      "id": "led2",
      "top": 44.4,
      "left": -245.8,
      "attrs": { "color": "yellow" }
    },
    {
      "type": "wokwi-led",
      "id": "led3",
      "top": 44.4,
      "left": -197.8,
      "attrs": { "color": "limegreen" }
    },
    {
      "type": "wokwi-resistor",
      "id": "r1",
      "top": 168,
      "left": -269.35,
      "rotate": 90,
      "attrs": { "value": "1000" }
    },
    {
      "type": "wokwi-resistor",
      "id": "r2",
      "top": 168,
      "left": -240.55,
      "rotate": 90,
      "attrs": { "value": "1000" }
    },
    {
      "type": "wokwi-resistor",
      "id": "r3",
      "top": 168,
      "left": -211.75,
      "rotate": 90,
      "attrs": { "value": "1000" }
    }
  ],
  "connections": [
    [ "esp:TX", "$serialMonitor:RX", "", [] ],
    [ "esp:RX", "$serialMonitor:TX", "", [] ],
    [ "led1:C", "led2:C", "green", [ "v57.6", "h48" ] ],
    [ "led2:C", "led3:C", "green", [ "v57.6", "h48" ] ],
    [ "led1:A", "r1:1", "green", [ "v57.6", "h28.8" ] ],
    [ "led2:A", "r2:1", "green", [ "v0" ] ],
    [ "led3:A", "r3:1", "green", [ "v0" ] ],
    [ "btn1:1.l", "esp:22", "green", [ "h0" ] ],
    [ "btn2:1.l", "esp:21", "green", [ "h-9.6", "v-38.4", "h-86.4" ] ],
    [ "btn3:1.l", "esp:19", "green", [ "h-28.8", "v-76.8" ] ],
    [ "led1:C", "esp:CMD", "green", [ "v230.4", "h192.25" ] ],
    [ "btn1:2.r", "btn2:2.r", "green", [ "h9.8", "v67.4" ] ],
    [ "btn2:2.r", "btn3:2.r", "green", [ "h9.8", "v67.4" ] ],
    [ "btn1:2.r", "esp:GND.2", "green", [ "h9.8", "v-47.8" ] ],
    [ "r1:2", "esp:13", "green", [ "v94.8", "h153.45" ] ],
    [ "r3:2", "esp:14", "green", [ "v56.4", "h95.85" ] ],
    [ "r2:2", "esp:12", "green", [ "v75.6", "h124.65" ] ]
  ],
  "dependencies": {}
}